Personal,,Business,,Non-Profit,,Academics,,Greek Life,,Government,,Other
Anniversary,,Advertising,,Adoption,,Pre-K,,Fraternity,Alpha Chi Alpha;Alpha Chi Rho;Alpha Delta Gamma;Alpha Delta Phi;Alpha Epsilon Pi;Alpha Gamma Omega;Alpha Gamma Rho;Alpha Kappa Lambda;Alpha Phi Alpha;Alpha Phi Delta;Alpha Sigma Phi;Alpha Tau Omega;Beta Chi Theta;Beta Epsilon Gamma;Beta Sigma Psi;Beta Theta Pi;Beta Upsilon Chi;Bones GateBG;Chi Gamma Epsilon;Chi Heorot;Chi Sigma Tau;Chi Phi;Chi Psi;Delphic of Gamma;Delta Chi;Delta Psi;Delta Epsilon Psi;Delta Iota Kappa;Delta Kappa Epsilon;Delta Lambda Phi;Delta Rho Upsilon;Delta Omega Epsilon;Delta Phi;Delta Phi Omega;Delta Sigma Phi;Delta Tau Delta;Delta Theta Sigma;Delta Upsilon;FarmHouse;Gamma Zeta Alpha;Iota Nu Delta;Iota Phi Theta;Kappa Alpha Order;Kappa Alpha Society;Kappa Alpha Psi;Kappa Delta Phi;Kappa Delta Rho;Kappa Kappa Kappa;Kappa Sigma;Lambda Alpha Upsilon;Lambda Chi Alpha;Lambda Iota Society;Lambda Phi Epsilon;Lambda Sigma Upsilon;Lambda Theta Phi;Lambda Upsilon Lambda;Nu Alpha Kappa;Nu Sigma Beta;Omega Delta Phi;Omega Phi Gamma;Omega Psi Phi;Phi Beta Sigma;Phi Delta Alpha;Phi Delta Gamma;Phi Delta Psi;Phi Delta Theta;Phi Epsilon Chi;Phi Eta Kappa;Phi Eta Mu;Phi Gamma Delta;Phi Iota Alpha;Phi Kappa Pi;Phi Kappa Psi;Phi Kappa Sigma;Phi Kappa Tau;Phi Kappa Theta;Phi Lambda Chi;Phi Mu Alpha;Phi Mu Delta;Phi Rho Eta;Phi Sigma Alpha;Phi Sigma Gamma;Phi Sigma Kappa;Phi Sigma Nu;Phi Sigma Phi;Pi Alpha Phi;Pi Delta Psi;Pi Kappa Alpha;Pi Kappa Phi;Pi Lambda Phi;Psi Sigma Phi;Psi Upsilon;Seal and Serpent;Sigma Alpha Epsilon;Sigma Alpha Mu;Sigma Beta Rho;Sigma Chi;Sigma Delta Alpha;Sigma Lambda Beta;Sigma Nu;Sigma Phi Delta;Sigma Phi Epsilon;Sigma Phi Society;Sigma Pi;Sigma Tau Gamma;Sigma Theta Pi;Tau Delta Phi;Tau Epsilon Phi;Tau Kappa Epsilon;Tau Psi Omega;Theta Chi;Theta Delta Chi;Theta Xi;Triangle Fraternity;Trojan Knights;Zeta Beta Tau;Zeta Phi Rho;Zeta Psi,Administration,,
Baby Shower,,Aerospace,Aircraft; Spacecraft; Other,Animal Rescue,,K-12,Athletics; Club; Staff,Sorority,Alpha Chi Omega;Alpha Delta Chi;Alpha Delta Pi;Alpha Epsilon Phi;Alpha Gamma Delta;Alpha Kappa Alpha;Alpha Kappa Delta;Alpha Kappa Psi;Alpha Nu Omega;Alpha Omega Epsilon;Alpha Omicron Pi;Alpha Phi;Alpha Phi Gamma;Alpha Pi Phi;Alpha Pi Omega;Alpha Sigma Alpha;Alpha Sigma Kappa;Alpha Sigma Rho;Alpha Sigma Tau;Alpha Xi Delta;Beta Sigma Phi;Ceres;Chi Omega ;Chi Upsilon Sigma;Delta Delta Delta;Delta Gamma;Delta Kappa Delta;Delta Phi Epsilon;Delta Phi Lambda;Delta Phi Omega;Delta Psi Epsilon;Delta Sigma Chi;Delta Sigma Theta;Delta Tau Lambda;Delta Xi Nu;Delta Xi Phi;Delta Zeta;Eta Gamma Delta;Gamma Alpha Omega;Gamma Eta;Gamma Phi Beta;Gamma Rho Lambda;Kappa Alpha Theta;Kappa Beta Gamma;Kappa Delta;Kappa Delta Chi;Kappa Kappa Gamma;Kappa Phi Gamma;Kappa Phi Lambda;Kappa Phi Omega;Kappa Theta Epsilon;Lambda Pi Chi;Lambda Pi Upsilon;Lambda Psi Delta;Lambda Sigma Gamma;Lambda Tau Omega;Lambda Theta Alpha;Lambda Theta Nu;Mu Alpha Phi;Mu Epsilon Theta;Mu Sigma Upsilon;National Society of Pershing Angels;Omega Phi Beta;Omega Phi Chi;Omicron Epsilon Pi;Phi Beta Chi;Phi Mu;Phi Sigma Rho;Phi Sigma Sigma;Pi Beta Phi;Sigma Alpha Epsilon;Sigma Alpha Omega;Sigma Delta Tau;Sigma Gamma Rho;Sigma Iota Alpha;Sigma Kappa;Sigma Lambda Alpha;Sigma Lambda Gamma;Sigma Lambda Upsilon;Sigma Omicron Pi;Sigma Phi Omega;Sigma Pi Alpha;Sigma Psi Zeta;Sigma Sigma Sigma;Theta Nu Xi;Theta Phi Alpha;Zeta Chi Phi;Zeta Phi Beta;Zeta Sigma Chi;Zeta Tau Alpha,Air Force,,
Bachelor/Bachelorette Party,,Agriculture,Fishing; Timber; Tabacco; Other,Boy/Girl Scouts,,College / University,Athletics; Club; Staff,Co-Ed,Delta Phi;Alpha Nu Omega;Alpha Delta Phi Society;Alpha Psi Lambda;Delta Psi;Lambda Lambda Lambda;Theta Delta Sigma;Delta Lambda Psi;Delta Omicron;Zeta Delta Xi;Kappa Gamma Psi;Phi Tau;Psi Upsilon,Army,,
Bar/Bat Mitzvah,,Apparel,Manufacturer; Retail; Other,Charity Run / 5K,,Tutoring,,Other,,Coast Guard,,
Birthday,,Art,Advertising; Personal Training; Other,Civil Liberties,,Charter,,,,Fire Department,,
Boy/Girl Scouts,,Athletics,Manufacturer; OEM; Retail/Dealer; Other,Clothing,,Booster Club,,,,Law,,
Charity Run / 5K,,Automotive,Pharmaceutical; Industrial; Consumer Goods; Other,Education,,Other,,,,Marine Corps,,
Class Reunion,,Chemical,,Food,,,,,,Navy,,
Family Reunion,,Child Care,,Medical,,,,,,EMS,,
Gala,,Construction,,Nature,,,,,,Police Department,,
Holiday Event,Christmas; Easter; Fourth of July; Haloween; Hanukkah,Consulting,,Rehabilitation,,,,,,Other,,
Quinceanera,,Defense,Arms; Equipment; Services; Vehicles; Other,Religious,,,,,,,,
Religious,,Education,K-12. High School; College/University; Charter; Materials Producer; Other,Veteran,,,,,,,,
Sports Team,,Energy,Electrical; Geothermal; Petroleum; Solar; Water; Wind; Other,Wildlife,,,,,,,,
Vacation/Trip,Baseball; Basketball; Curling; Fencing; Football; Golf; Gymnastics; Hockey; Lacrosse; Rugby; Shooting; Soccer; Softball; Squash; Swimming; Tennis; Volleyball; Wrestling; Other,Entertainment,Amusement Parks; Animation/Art; Event Management; Movie Production; TV Production; Theater; Talent Management; Merchandise; Other,Other,,,,,,,,
Wedding,,Event Hosting/Planning,Weddings; Personal Events; Corporate Events; Trade Shows; Other,,,,,,,,,
Other,,Financial Services,Banking; Financial Advisor; Fund Management; Insurance; Mortgages; Other,,,,,,,,,
,,Fitness Gym/Studio,Equipment; Fitness Studio; Traditional Gym; Yoga Studio; Other,,,,,,,,,
,,Food/Beverage,Agriculture; Food Preparation; Retail; Wholesale; Other,,,,,,,,,
,,Gambling/Casinos,,,,,,,,,,
,,Health Care,,,,,,,,,,
,,Hospitality,,,,,,,,,,
,,Information,Analytics; Data Broker; Dissemination; Other,,,,,,,,,
,,Law,,,,,,,,,,
,,Manufacturing,Automotive; Consumer Goods; Pulp & Paper; Industrial; Ship Building; Steel/Alloys; Other,,,,,,,,,
,,Mass Media,Broadcasting; Film; Internet; Newspaper;  Publishing; Social; Other,,,,,,,,,
,,Medical,,,,,,,,,,
,,Military,,,,,,,,,,
,,Music,Label; Musician; Producer; Promotions; Venue; Other,,,,,,,,,
,,Printing,,,,,,,,,,
,,Sales,,,,,,,,,,
,,Technology,,,,,,,,,,
,,Telecommunications,Software; Hardware; Networking; Other,,,,,,,,,
,,Transportation,Carrier; Equipment; ISP; Professional Services; SaaS Provider; Other,,,,,,,,,
,,Water,Aircraft; Equipment; Rail; Road; Water; Other,,,,,,,,,
,,Other,Separation; Service; Supply,,,,,,,,,